{"stat.pickup.minecraft.flint_and_steel":1,"stat.walkOneCm":7527,"stat.pickup.toughasnails.wool_boots":1,"achievement.openInventory":25,"stat.leaveGame":2,"stat.damageTaken":40,"stat.flyOneCm":1327869,"stat.deaths":1,"stat.pickup.tombmanygraves.DeathList":1,"stat.pickup.toughasnails.wool_leggings":1,"stat.jump":81,"stat.swimOneCm":2906,"stat.useItem.actuallyadditions.itemFood":8,"stat.playOneMinute":15208,"stat.fallOneCm":5640,"stat.pickup.toughasnails.wool_helmet":1,"stat.pickup.simpleachievements.achievement_book":1,"stat.sneakTime":297,"stat.crouchOneCm":104,"stat.timeSinceDeath":2182,"stat.pickup.minecraft.sapling":1,"stat.pickup.minecraft.dirt":1,"stat.sprintOneCm":32701,"stat.pickup.toughasnails.wool_chestplate":1,"achievement.exploreAllBiomes":{"value":0,"progress":["Hypothermia Valley"]},"stat.diveOneCm":21827}